{
  "metrics": {
    "_api_": {
      "contains": "default",
      "type": "trend",
      "values": {
        "avg": 597.4005492000001,
        "max": 4663.846625,
        "med": 329.070555,
        "min": 67.791249,
        "p(90)": 1038.200255800001,
        "p(95)": 2034.5660830499996
      }
    },
    "_api_activities": {
      "contains": "default",
      "type": "trend",
      "values": {
        "avg": 9395.326058859997,
        "max": 30302.253395,
        "med": 1440.2965239999999,
        "min": 294.988985,
        "p(90)": 24382.5620121,
        "p(95)": 26113.910084549996
      }
    },
    "_api_activity_progress_labels": {
      "contains": "default",
      "type": "trend",
      "values": {
        "avg": 552.7501968196722,
        "max": 1479.086328,
        "med": 485.875092,
        "min": 135.239422,
        "p(90)": 899.371711,
        "p(95)": 1090.047917
      }
    },
    "_api_activity_progress_labels_item": {
      "contains": "default",
      "type": "trend",
      "values": {
        "avg": 582.8107194098361,
        "max": 4407.515983,
        "med": 422.573973,
        "min": 81.149763,
        "p(90)": 1137.031778,
        "p(95)": 1318.970499
      }
    },
    "_api_activity_responsibles": {
      "contains": "default",
      "type": "trend",
      "values": {
        "avg": 1177.2161277540984,
        "max": 5234.167978,
        "med": 1106.540332,
        "min": 587.929215,
        "p(90)": 1489.038896,
        "p(95)": 1587.35552
      }
    },
    "_api_activity_responsibles_item": {
      "contains": "default",
      "type": "trend",
      "values": {
        "avg": 602.7535208524591,
        "max": 3346.651675,
        "med": 470.509543,
        "min": 72.723023,
        "p(90)": 1036.108451,
        "p(95)": 1355.191711
      }
    },
    "_api_authentication_token": {
      "contains": "default",
      "type": "trend",
      "values": {
        "avg": 446.8095940666666,
        "max": 1174.191059,
        "med": 335.95858,
        "min": 19.811852,
        "p(90)": 967.1843569999999,
        "p(95)": 1056.2673565999999
      }
    },
    "_api_camp_collaborations": {
      "contains": "default",
      "type": "trend",
      "values": {
        "avg": 7449.638928999999,
        "max": 11314.866176,
        "med": 6884.716679,
        "min": 5350.655695,
        "p(90)": 10364.930908,
        "p(95)": 10783.348565
      }
    },
    "_api_camp_collaborations_item": {
      "contains": "default",
      "type": "trend",
      "values": {
        "avg": 660.5595105081965,
        "max": 2621.720404,
        "med": 597.742865,
        "min": 158.779038,
        "p(90)": 982.804226,
        "p(95)": 1261.436229
      }
    },
    "_api_camps": {
      "contains": "default",
      "type": "trend",
      "values": {
        "avg": 2479.8968553606564,
        "max": 5503.943108,
        "med": 2504.987789,
        "min": 958.770926,
        "p(90)": 3619.481391,
        "p(95)": 4085.424941
      }
    },
    "_api_camps_item": {
      "contains": "default",
      "type": "trend",
      "values": {
        "avg": 801.032204196721,
        "max": 8847.985497,
        "med": 468.117274,
        "min": 155.986414,
        "p(90)": 1017.219679,
        "p(95)": 1389.397833
      }
    },
    "_api_categories": {
      "contains": "default",
      "type": "trend",
      "values": {
        "avg": 2892.2354181475416,
        "max": 6905.705148,
        "med": 2938.272375,
        "min": 182.17225,
        "p(90)": 5620.136875,
        "p(95)": 6017.59529
      }
    },
    "_api_categories_item": {
      "contains": "default",
      "type": "trend",
      "values": {
        "avg": 634.3042482888891,
        "max": 2598.111737,
        "med": 447.99005,
        "min": 56.854684,
        "p(90)": 1420.7547880000002,
        "p(95)": 1575.2670325999998
      }
    },
    "_api_checklist_items": {
      "contains": "default",
      "type": "trend",
      "values": {
        "avg": 488.16366829508223,
        "max": 1999.248444,
        "med": 403.842376,
        "min": 36.583704,
        "p(90)": 895.73299,
        "p(95)": 1129.653232
      }
    },
    "_api_checklists": {
      "contains": "default",
      "type": "trend",
      "values": {
        "avg": 438.2620532622952,
        "max": 1670.360519,
        "med": 400.031172,
        "min": 30.846822,
        "p(90)": 698.10293,
        "p(95)": 1193.113187
      }
    },
    "_api_content_node_checklist_nodes": {
      "contains": "default",
      "type": "trend",
      "values": {
        "avg": 719.0971186000002,
        "max": 1197.105103,
        "med": 707.191877,
        "min": 395.429768,
        "p(90)": 1080.4763543999998,
        "p(95)": 1196.7691625
      }
    },
    "_api_content_node_column_layouts": {
      "contains": "default",
      "type": "trend",
      "values": {
        "avg": 2912.625475466667,
        "max": 5900.323973,
        "med": 4001.563376,
        "min": 205.920722,
        "p(90)": 4794.306740200001,
        "p(95)": 5180.802872799999
      }
    },
    "_api_content_node_column_layouts_item": {
      "contains": "default",
      "type": "trend",
      "values": {
        "avg": 661.2959354444445,
        "max": 2305.871281,
        "med": 498.103599,
        "min": 127.816801,
        "p(90)": 1149.9025266000003,
        "p(95)": 1727.8869037999996
      }
    },
    "_api_content_node_material_nodes": {
      "contains": "default",
      "type": "trend",
      "values": {
        "avg": 7251.7507898,
        "max": 13814.349528,
        "med": 6796.461324,
        "min": 603.602806,
        "p(90)": 12454.7977346,
        "p(95)": 12974.1256743
      }
    },
    "_api_content_node_material_nodes_item": {
      "contains": "default",
      "type": "trend",
      "values": {
        "avg": 1257.2401178571429,
        "max": 2672.409212,
        "med": 919.471861,
        "min": 229.917778,
        "p(90)": 2435.1252272,
        "p(95)": 2553.7672196
      }
    },
    "_api_content_node_multi_selects": {
      "contains": "default",
      "type": "trend",
      "values": {
        "avg": 1006.2790087333332,
        "max": 1900.726952,
        "med": 859.301018,
        "min": 482.991763,
        "p(90)": 1574.0191249999998,
        "p(95)": 1761.4326464999997
      }
    },
    "_api_content_node_multi_selects_item": {
      "contains": "default",
      "type": "trend",
      "values": {
        "avg": 382.7923359999999,
        "max": 704.742835,
        "med": 355.284105,
        "min": 87.87552,
        "p(90)": 666.480774,
        "p(95)": 696.5156419
      }
    },
    "_api_content_node_responsive_layouts": {
      "contains": "default",
      "type": "trend",
      "values": {
        "avg": 2060.9886846666664,
        "max": 3880.344475,
        "med": 1825.639992,
        "min": 1114.299854,
        "p(90)": 3257.7510661999995,
        "p(95)": 3859.5648112
      }
    },
    "_api_content_node_responsive_layouts_item": {
      "contains": "default",
      "type": "trend",
      "values": {
        "avg": 438.8198235714285,
        "max": 855.320056,
        "med": 423.4677845,
        "min": 128.730054,
        "p(90)": 779.0791851000002,
        "p(95)": 837.6443759
      }
    },
    "_api_content_node_single_texts": {
      "contains": "default",
      "type": "trend",
      "values": {
        "avg": 4175.911153066667,
        "max": 6266.570066,
        "med": 4406.249482,
        "min": 718.46453,
        "p(90)": 5611.5130158,
        "p(95)": 5994.3562423
      }
    },
    "_api_content_node_single_texts_item": {
      "contains": "default",
      "type": "trend",
      "values": {
        "avg": 807.5571537692306,
        "max": 2996.474143,
        "med": 636.39604,
        "min": 45.474194,
        "p(90)": 1175.1627016,
        "p(95)": 1919.7981105999975
      }
    },
    "_api_content_node_storyboards": {
      "contains": "default",
      "type": "trend",
      "values": {
        "avg": 1526.5467385333332,